{"cameraMode":{"drawMode":0,"name":"Shaded","section":"Shading Mode"},"sceneLighting":false,"audioPlay":false,"sceneViewState":{"showFog":true,"showMaterialUpdate":true,"showSkybox":true,"showFlares":true,"showImageEffects":true,"showParticleSystems":true},"in2DMode":false,"pivot":{"x":39.37608337402344,"y":-20.11370849609375,"z":-0.827697217464447},"rotation":{"x":0.198961079120636,"y":0.677675724029541,"z":-0.19840078055858613,"w":0.6795787215232849},"size":117.98062896728516,"orthographic":false}