{"cameraMode":{"drawMode":0,"name":"Shaded","section":"Shading Mode"},"sceneLighting":true,"audioPlay":false,"sceneViewState":{"showFog":true,"showMaterialUpdate":false,"showSkybox":true,"showFlares":true,"showImageEffects":true,"showParticleSystems":true},"in2DMode":false,"pivot":{"x":-0.9699997901916504,"y":3.890000343322754,"z":7.409999847412109},"rotation":{"x":-0.22038309276103974,"y":-0.11509575694799423,"z":0.026902751997113229,"w":-0.9685742855072022},"size":43.69232940673828,"orthographic":false}