{"cameraMode":{"drawMode":0,"name":"Shaded","section":"Shading Mode"},"sceneLighting":true,"audioPlay":false,"sceneViewState":{"showFog":true,"showMaterialUpdate":false,"showSkybox":false,"showFlares":true,"showImageEffects":true,"showParticleSystems":true},"in2DMode":false,"pivot":{"x":-2.2399635314941408,"y":3.90849232673645,"z":7.255971908569336},"rotation":{"x":0.1328960508108139,"y":0.8545290231704712,"z":-0.2702566087245941,"w":0.42396190762519839},"size":2.7126147747039797,"orthographic":false}